Workbook

Sheet Read Me
A1: Household Budget Tracker — Read Me
A3: Purpose: this workbook is the tracking artifact for the Household Budget Optimization Initiative defined in the accompanying Project Charter document.
A5: How to use it:
A6: 1. 'Budget Tracker' — enter Budgeted amounts once at project start (yellow cells). Enter Actual spend weekly or monthly per category (yellow cells). Variance and totals are calculated automatically, do not overwrite formula cells (black text).
A7: 2. 'Subscription Audit' — list every recurring subscription or membership, decide Keep / Cancel / Downgrade, and the monthly savings calculate automatically.
A8: 3. 'Dashboard' — reads from the two sheets above; no manual entry required.
A9: 4. 'Closeout Report' — fill in the narrative cells (yellow) once the tracking period ends, using the final numbers from the Dashboard.
A11: Color key: yellow fill = enter your own data here. Black text = formula, leave as is.
A13: This workbook contains sample data for Jan–Mar 2026 to demonstrate the model working end to end. Replace the sample figures with real numbers when you run this for your own household.

Sheet Budget Tracker
A1: Household Budget Tracker
A2: Project: Household Budget Optimization Initiative | Currency: GBP (£) | Period: Jan–Mar 2026
A4: Category | B4: Jan Budgeted | C4: Jan Actual | D4: Jan Variance | E4: Feb Budgeted | F4: Feb Actual | G4: Feb Variance | H4: Mar Budgeted | I4: Mar Actual | J4: Mar Variance
A5: Groceries | B5: 250 | C5: 260 | D5: =B5-C5 | E5: 250 | F5: 240 | G5: =E5-F5 | H5: 250 | I5: 230 | J5: =H5-I5
A6: Dining & Takeout | B6: 120 | C6: 150 | D6: =B6-C6 | E6: 120 | F6: 110 | G6: =E6-F6 | H6: 120 | I6: 90 | J6: =H6-I6
A7: Transport / Fuel | B7: 90 | C7: 95 | D7: =B7-C7 | E7: 90 | F7: 85 | G7: =E7-F7 | H7: 90 | I7: 80 | J7: =H7-I7
A8: Utilities | B8: 150 | C8: 155 | D8: =B8-C8 | E8: 150 | F8: 150 | G8: =E8-F8 | H8: 150 | I8: 145 | J8: =H8-I8
A9: Subscriptions & Memberships | B9: 60 | C9: 68 | D9: =B9-C9 | E9: 60 | F9: 45 | G9: =E9-F9 | H9: 60 | I9: 32 | J9: =H9-I9
A10: Entertainment | B10: 70 | C10: 85 | D10: =B10-C10 | E10: 70 | F10: 60 | G10: =E10-F10 | H10: 70 | I10: 50 | J10: =H10-I10
A11: Household & Personal Care | B11: 80 | C11: 78 | D11: =B11-C11 | E11: 80 | F11: 75 | G11: =E11-F11 | H11: 80 | I11: 70 | J11: =H11-I11
A12: Miscellaneous / One-off | B12: 60 | C12: 90 | D12: =B12-C12 | E12: 60 | F12: 55 | G12: =E12-F12 | H12: 60 | I12: 40 | J12: =H12-I12
A13: TOTAL | B13: =SUM(B5:B12) | C13: =SUM(C5:C12) | D13: =SUM(D5:D12) | E13: =SUM(E5:E12) | F13: =SUM(F5:F12) | G13: =SUM(G5:G12) | H13: =SUM(H5:H12) | I13: =SUM(I5:I12) | J13: =SUM(J5:J12)
A15: Key metrics
A16: Total spend, Month 1 (Jan actual) | C16: =C13
A17: Total spend, Month 3 (Mar actual) | C17: =I13
A18: Reduction, Month 1 to Month 3 | C18: =(C13-I13)/C13
A19: Target reduction (per Project Charter) | C19: 0.15
A20: Target met? | C20: =IF(C18>=C19,"Yes","No")

Sheet Subscription Audit
A1: Subscription & Recurring Cost Audit
A2: Objective: identify and eliminate at least 3 recurring costs with no corresponding value (Charter, Objective 3)
A4: Subscription / Recurring Cost | B4: Monthly Cost (£) | C4: Decision | D4: Monthly Savings (£) | E4: Notes
A5: Netflix (Standard) | B5: 10.99 | C5: Keep | D5: =IF(C5="Cancel",B5,IF(C5="Downgrade",B5*0.6,0)) | E5: Actively used weekly
A6: Spotify Family | B6: 16.99 | C6: Keep | D6: =IF(C6="Cancel",B6,IF(C6="Downgrade",B6*0.6,0)) | E6: Shared across household, good value
A7: Amazon Prime | B7: 8.99 | C7: Keep | D7: =IF(C7="Cancel",B7,IF(C7="Downgrade",B7*0.6,0)) | E7: Used for delivery and Prime Video
A8: Local Gym Membership | B8: 35 | C8: Cancel | D8: =IF(C8="Cancel",B8,IF(C8="Downgrade",B8*0.6,0)) | E8: Switched to home workouts, unused since Oct
A9: Cloud Storage (200GB plan) | B9: 7.99 | C9: Downgrade | D9: =IF(C9="Cancel",B9,IF(C9="Downgrade",B9*0.6,0)) | E9: Actual usage under free 15GB tier
A10: Streaming Service B | B10: 6.99 | C10: Cancel | D10: =IF(C10="Cancel",B10,IF(C10="Downgrade",B10*0.6,0)) | E10: Not used in 4+ months
A11: Magazine Subscription | B11: 4.99 | C11: Cancel | D11: =IF(C11="Cancel",B11,IF(C11="Downgrade",B11*0.6,0)) | E11: Unread, auto-renewed from a free trial
A12: TOTAL MONTHLY SAVINGS IDENTIFIED | D12: =SUM(D5:D11)
A13: Recurring costs eliminated or reduced | D13: =COUNTIF(C5:C11,"Cancel")+COUNTIF(C5:C11,"Downgrade")

Sheet Dashboard
A1: Household Budget — Project Dashboard
A2: Auto-calculated from Budget Tracker and Subscription Audit. No manual entry required.
A4: Month | B4: Budgeted | C4: Actual
A5: January | B5: ='Budget Tracker'!B13 | C5: ='Budget Tracker'!C13
A6: February | B6: ='Budget Tracker'!E13 | C6: ='Budget Tracker'!F13
A7: March | B7: ='Budget Tracker'!H13 | C7: ='Budget Tracker'!I13
A10: Category | B10: March Actual
A11: Groceries | B11: ='Budget Tracker'!I5
A12: Dining & Takeout | B12: ='Budget Tracker'!I6
A13: Transport / Fuel | B13: ='Budget Tracker'!I7
A14: Utilities | B14: ='Budget Tracker'!I8
A15: Subscriptions & Memberships | B15: ='Budget Tracker'!I9
A16: Entertainment | B16: ='Budget Tracker'!I10
A17: Household & Personal Care | B17: ='Budget Tracker'!I11
A18: Miscellaneous / One-off | B18: ='Budget Tracker'!I12
A20: Spend reduction, Jan to Mar | B20: ='Budget Tracker'!C18
A21: Monthly savings from subscription audit | B21: ='Subscription Audit'!D12

Sheet Closeout Report
A1: Project Closeout Report
A2: Household Budget Optimization Initiative — completed 28 March 2026
A4: Objective 1 target | B4: Reduce average monthly discretionary spend by 15% within 12 weeks
A6: Objective 1 result | B6: =TEXT('Budget Tracker'!C18,"0.0%") & " reduction achieved (Jan actual to Mar actual), exceeding the 15% target"
A8: Objective 2 target | B8: Establish a single source of truth for income and spend, updated weekly
A10: Objective 2 result | B10: Achieved — Budget Tracker maintained weekly across the 12-week period, zero missed weeks
A12: Objective 3 target | B12: Identify and eliminate at least 3 recurring costs with no corresponding value
A14: Objective 3 result | B14: ='Subscription Audit'!D13 & " recurring costs cancelled or downgraded, worth £" & TEXT('Subscription Audit'!D12,"0.00") & "/month"
A16: Objective 4 target | B16: Build a repeatable monthly review process the household can sustain after closeout
A18: Objective 4 result | B18: Achieved — monthly review moved into a recurring calendar slot, tracker template reused going forward
A21: Overall outcome
A22: All four project objectives were met or exceeded. The project produced a reusable budget tracking model, a documented subscription audit process, and a measurable reduction in monthly household spend, evidence of applied project planning, stakeholder coordination, and outcome tracking against a defined charter.
